filename,width,height,class,xmin,ymin,xmax,ymax
springbok-190.jpg,1000,759,springbok,317,310,494,436
springbok-049.jpg,1000,759,springbok,338,145,647,536
springbok-027.jpg,1000,759,springbok,399,325,466,373
springbok-027.jpg,1000,759,springbok,439,147,486,183
springbok-027.jpg,1000,759,springbok,821,251,874,301
springbok-027.jpg,1000,759,springbok,790,1,892,56
springbok-027.jpg,1000,759,springbok,608,434,656,514
springbok-027.jpg,1000,759,springbok,347,570,414,664
springbok-027.jpg,1000,759,springbok,264,412,329,471
zebra-029.jpg,1000,759,zebra,428,237,526,345
zebra-029.jpg,1000,759,zebra,434,1,474,64
zebra-029.jpg,1000,759,zebra,752,178,891,234
zebra-029.jpg,1000,759,zebra,236,473,350,596
zebra-029.jpg,1000,759,zebra,571,569,633,661
zebra-029.jpg,1000,759,zebra,1,335,79,396
zebra-121.jpg,1000,759,zebra,444,262,563,554
ostrich-212.jpg,1000,759,ostrich,417,239,550,447
ostrich-210.jpg,1000,759,ostrich,412,226,533,444
ostrich-159.jpg,1000,759,ostrich,602,410,679,513
ostrich-126.jpg,1000,759,ostrich,465,356,530,434
zebra-021.jpg,1000,759,zebra,442,262,506,413
zebra-021.jpg,1000,759,zebra,669,96,766,186
zebra-021.jpg,1000,759,zebra,829,442,1000,592
zebra-021.jpg,1000,759,zebra,204,621,285,746
zebra-021.jpg,1000,759,zebra,1,342,166,434
zebra-021.jpg,1000,759,zebra,45,92,118,172
springbok-145.jpg,1000,759,springbok,516,231,643,451
ostrich-045.jpg,1000,759,ostrich,530,408,572,486
combined4.jpg,2000,2000,zebra,856,427,1074,572
combined4.jpg,2000,2000,zebra,435,480,566,683
combined4.jpg,2000,2000,zebra,506,756,672,933
combined4.jpg,2000,2000,zebra,1153,783,1330,1004
combined4.jpg,2000,2000,ostrich,1243,1114,1453,1267
combined4.jpg,2000,2000,ostrich,1066,1669,1211,1867
combined4.jpg,2000,2000,ostrich,1572,1322,1680,1506
combined4.jpg,2000,2000,ostrich,601,977,753,1159
combined4.jpg,2000,2000,ostrich,193,1469,419,1662
combined4.jpg,2000,2000,ostrich,1348,464,1432,677
combined4.jpg,2000,2000,springbok,19,835,182,1004
combined4.jpg,2000,2000,springbok,1190,1369,1388,1535
combined4.jpg,2000,2000,springbok,1785,1106,1888,1338
combined4.jpg,2000,2000,springbok,1698,793,1819,972
springbok-092.jpg,1000,759,springbok,521,231,639,400
ostrich-068.jpg,1000,759,ostrich,440,282,469,321
zebra-062.jpg,1000,759,zebra,428,175,479,299
zebra-062.jpg,1000,759,zebra,594,16,672,104
zebra-062.jpg,1000,759,zebra,880,105,929,175
zebra-062.jpg,1000,759,zebra,744,302,891,405
zebra-062.jpg,1000,759,zebra,74,265,217,335
zebra-062.jpg,1000,759,zebra,71,48,147,129
zebra-062.jpg,1000,759,zebra,290,461,340,569
ostrich-034.jpg,1000,759,ostrich,407,406,504,511
springbok-003.jpg,1000,759,springbok,614,191,677,291
springbok-003.jpg,1000,759,springbok,716,358,778,419
springbok-003.jpg,1000,759,springbok,360,321,405,387
springbok-003.jpg,1000,759,springbok,565,436,640,518
springbok-003.jpg,1000,759,springbok,537,695,603,736
springbok-003.jpg,1000,759,springbok,78,527,129,584
zebra-125.jpg,1000,759,zebra,452,172,609,521
zebra-122.jpg,1000,759,zebra,467,246,556,548
springbok-207.jpg,1000,759,springbok,379,203,505,373
ostrich-179.jpg,1000,759,ostrich,476,220,522,287
springbok-059.jpg,1000,759,springbok,301,178,699,600
zebra-099.jpg,1000,759,zebra,336,216,740,535
springbok-248.jpg,1000,759,springbok,486,443,569,525
zebra-171.jpg,1000,759,zebra,466,1,639,639
springbok-257.jpg,1000,759,springbok,346,355,422,496
ostrich-235.jpg,1000,759,ostrich,477,299,663,459
zebra-192.jpg,1000,759,zebra,320,161,615,458
springbok-050.jpg,1000,759,springbok,343,156,651,549
ostrich-216.jpg,1000,759,ostrich,422,264,583,435
ostrich-008.jpg,1000,759,ostrich,230,241,261,295
ostrich-008.jpg,1000,759,ostrich,368,151,403,203
ostrich-008.jpg,1000,759,ostrich,366,33,412,77
ostrich-008.jpg,1000,759,ostrich,759,151,794,207
ostrich-008.jpg,1000,759,ostrich,761,495,790,559
ostrich-008.jpg,1000,759,ostrich,603,356,635,420
ostrich-008.jpg,1000,759,ostrich,309,441,351,489
ostrich-008.jpg,1000,759,ostrich,157,468,218,499
ostrich-008.jpg,1000,759,ostrich,65,359,101,409
springbok-138.jpg,1000,759,springbok,478,308,674,482
ostrich-028.jpg,1000,759,ostrich,390,443,459,500
springbok-039.jpg,1000,759,springbok,407,103,481,139
springbok-039.jpg,1000,759,springbok,637,257,701,301
springbok-039.jpg,1000,759,springbok,839,419,1000,523
springbok-039.jpg,1000,759,springbok,314,357,377,401
springbok-039.jpg,1000,759,springbok,135,553,251,600
springbok-039.jpg,1000,759,springbok,1,569,76,605
zebra-166.jpg,1000,759,zebra,486,119,696,624
springbok-047.jpg,1000,759,springbok,353,134,639,578
springbok-013.jpg,1000,759,springbok,363,257,407,305
springbok-013.jpg,1000,759,springbok,463,127,513,173
springbok-013.jpg,1000,759,springbok,620,229,683,277
springbok-013.jpg,1000,759,springbok,786,321,894,401
springbok-013.jpg,1000,759,springbok,165,347,253,416
springbok-013.jpg,1000,759,springbok,1,344,76,417
springbok-013.jpg,1000,759,springbok,244,552,309,657
springbok-013.jpg,1000,759,springbok,650,535,689,625
ostrich-125.jpg,1000,759,ostrich,473,351,526,435
springbok-099.jpg,1000,759,springbok,542,331,666,486
zebra-133.jpg,1000,759,zebra,467,169,601,500
ostrich-214.jpg,1000,759,ostrich,413,250,565,443
springbok-195.jpg,1000,759,springbok,412,169,537,387
ostrich-053.jpg,1000,759,ostrich,587,322,664,365
ostrich-144.jpg,1000,759,ostrich,433,395,557,498
ostrich-227.jpg,1000,759,ostrich,421,113,555,381
ostrich-074.jpg,1000,759,ostrich,416,286,455,326
zebra-232.jpg,1000,759,zebra,279,370,610,691
springbok-067.jpg,1000,759,springbok,417,238,613,512
springbok-179.jpg,1000,759,springbok,474,334,635,457
zebra-204.jpg,1000,759,zebra,391,150,594,486
springbok-098.jpg,1000,759,springbok,568,282,664,458
zebra-031.jpg,1000,759,zebra,350,250,466,315
zebra-031.jpg,1000,759,zebra,204,35,261,134
zebra-031.jpg,1000,759,zebra,569,7,659,118
zebra-031.jpg,1000,759,zebra,634,421,733,483
zebra-031.jpg,1000,759,zebra,377,475,425,619
zebra-031.jpg,1000,759,zebra,537,727,567,759
zebra-031.jpg,1000,759,zebra,33,519,121,596
ostrich-136.jpg,1000,759,ostrich,438,385,535,486
ostrich-004.jpg,1000,759,ostrich,404,485,460,521
ostrich-004.jpg,1000,759,ostrich,543,212,585,268
ostrich-004.jpg,1000,759,ostrich,737,200,783,259
ostrich-004.jpg,1000,759,ostrich,476,1,507,56
ostrich-004.jpg,1000,759,ostrich,183,235,225,290
ostrich-004.jpg,1000,759,ostrich,65,148,104,196
ostrich-004.jpg,1000,759,ostrich,108,654,164,698
ostrich-004.jpg,1000,759,ostrich,314,607,359,660
ostrich-004.jpg,1000,759,ostrich,147,409,194,473
zebra-115.jpg,1000,759,zebra,358,302,552,521
ostrich-197.jpg,1000,759,ostrich,521,374,599,504
ostrich-122.jpg,1000,759,ostrich,465,364,542,448
ostrich-112.jpg,1000,759,ostrich,394,411,508,516
zebra-135.jpg,1000,759,zebra,472,172,593,500
springbok-223.jpg,1000,759,springbok,477,379,617,522
zebra-045.jpg,1000,759,zebra,369,2,448,161
zebra-045.jpg,1000,759,zebra,626,261,718,381
zebra-045.jpg,1000,759,zebra,942,140,1000,235
zebra-045.jpg,1000,759,zebra,121,365,306,464
zebra-045.jpg,1000,759,zebra,12,154,91,240
zebra-114.jpg,1000,759,zebra,355,292,558,519
springbok-160.jpg,1000,759,springbok,496,275,621,475
ostrich-238.jpg,1000,759,ostrich,452,315,647,418
ostrich-166.jpg,1000,759,ostrich,530,320,594,369
zebra-032.jpg,1000,759,zebra,315,262,431,326
zebra-032.jpg,1000,759,zebra,117,121,196,207
zebra-032.jpg,1000,759,zebra,85,567,166,672
zebra-032.jpg,1000,759,zebra,625,650,683,756
zebra-032.jpg,1000,759,zebra,420,458,472,600
zebra-032.jpg,1000,759,zebra,471,7,536,124
zebra-032.jpg,1000,759,zebra,634,351,728,416
springbok-012.jpg,1000,759,springbok,394,249,447,295
springbok-012.jpg,1000,759,springbok,534,135,598,181
springbok-012.jpg,1000,759,springbok,660,281,716,326
springbok-012.jpg,1000,759,springbok,777,417,870,509
springbok-012.jpg,1000,759,springbok,557,604,598,679
springbok-012.jpg,1000,759,springbok,185,529,257,614
springbok-012.jpg,1000,759,springbok,189,308,274,375
springbok-012.jpg,1000,759,springbok,35,270,121,330
ostrich-151.jpg,1000,759,ostrich,498,389,586,517
springbok-247.jpg,1000,759,springbok,478,434,560,523
springbok-217.jpg,1000,759,springbok,614,256,711,445
springbok-171.jpg,1000,759,springbok,418,304,640,490
zebra-002.jpg,1200,800,zebra,348,169,475,250
zebra-002.jpg,1200,800,zebra,550,27,652,115
zebra-002.jpg,1200,800,zebra,784,98,884,192
zebra-002.jpg,1200,800,zebra,690,269,807,367
zebra-002.jpg,1200,800,zebra,507,287,563,415
zebra-002.jpg,1200,800,zebra,611,660,686,800
zebra-002.jpg,1200,800,zebra,796,529,934,604
zebra-002.jpg,1200,800,zebra,1103,246,1192,342
springbok-072.jpg,1000,759,springbok,437,242,595,491
ostrich-049.jpg,1000,759,ostrich,574,399,622,468
zebra-011.jpg,1200,800,zebra,173,244,311,365
zebra-011.jpg,1200,800,zebra,178,485,273,677
zebra-011.jpg,1200,800,zebra,542,587,669,756
zebra-011.jpg,1200,800,zebra,513,217,577,365
zebra-011.jpg,1200,800,zebra,277,19,382,115
zebra-011.jpg,1200,800,zebra,700,94,803,210
zebra-011.jpg,1200,800,zebra,950,175,1077,281
zebra-011.jpg,1200,800,zebra,653,402,792,500
ostrich-098.jpg,1000,759,ostrich,400,420,439,485
zebra-190.jpg,1000,759,zebra,321,143,620,467
springbok-172.jpg,1000,759,springbok,431,308,642,479
ostrich-022.jpg,1000,759,ostrich,569,226,629,278
ostrich-022.jpg,1000,759,ostrich,755,290,798,361
ostrich-022.jpg,1000,759,ostrich,620,476,665,534
ostrich-022.jpg,1000,759,ostrich,56,399,91,460
ostrich-022.jpg,1000,759,ostrich,466,650,508,716
ostrich-022.jpg,1000,759,ostrich,407,268,469,321
zebra-043.jpg,1000,759,zebra,582,285,704,412
zebra-043.jpg,1000,759,zebra,474,4,521,159
zebra-043.jpg,1000,759,zebra,104,99,177,177
zebra-043.jpg,1000,759,zebra,101,294,259,416
zebra-056.jpg,1000,759,zebra,407,1,471,92
zebra-056.jpg,1000,759,zebra,193,165,283,227
zebra-056.jpg,1000,759,zebra,434,456,518,615
zebra-056.jpg,1000,759,zebra,504,196,615,285
zebra-056.jpg,1000,759,zebra,802,302,918,392
zebra-056.jpg,1000,759,zebra,798,585,867,672
springbok-020.jpg,1000,759,springbok,642,419,690,517
springbok-020.jpg,1000,759,springbok,907,281,959,355
springbok-020.jpg,1000,759,springbok,886,78,1000,148
springbok-020.jpg,1000,759,springbok,701,51,757,99
springbok-020.jpg,1000,759,springbok,505,9,559,64
springbok-020.jpg,1000,759,springbok,508,156,559,203
springbok-020.jpg,1000,759,springbok,427,292,507,349
springbok-020.jpg,1000,759,springbok,263,332,339,414
springbok-020.jpg,1000,759,springbok,292,510,385,600
ostrich-192.jpg,1000,759,ostrich,386,376,485,476
ostrich-174.jpg,1000,759,ostrich,569,237,609,293
zebra-157.jpg,1000,759,zebra,356,318,786,616
ostrich-198.jpg,1000,759,ostrich,526,363,592,500
zebra-069.jpg,1000,759,zebra,426,269,501,372
zebra-069.jpg,1000,759,zebra,739,197,871,270
zebra-069.jpg,1000,759,zebra,891,413,950,481
zebra-069.jpg,1000,759,zebra,613,505,680,634
zebra-069.jpg,1000,759,zebra,158,424,228,499
zebra-069.jpg,1000,759,zebra,63,169,204,292
springbok-234.jpg,1000,759,springbok,440,313,492,426
zebra-181.jpg,1000,759,zebra,199,1,731,594
zebra-196.jpg,1000,759,zebra,294,197,620,456
springbok-053.jpg,1000,759,springbok,340,153,663,592
ostrich-249.jpg,1000,759,ostrich,466,234,561,434
ostrich-117.jpg,1000,759,ostrich,383,378,498,533
zebra-132.jpg,1000,759,zebra,461,161,601,504
ostrich-078.jpg,1000,759,ostrich,390,295,442,341
zebra-110.jpg,1000,759,zebra,339,262,577,540
springbok-030.jpg,1000,759,springbok,382,158,481,232
springbok-030.jpg,1000,759,springbok,696,316,774,430
springbok-030.jpg,1000,759,springbok,179,281,282,368
springbok-030.jpg,1000,759,springbok,298,517,400,656
zebra-151.jpg,1000,759,zebra,366,424,742,575
ostrich-181.jpg,1000,759,ostrich,424,233,489,306
springbok-261.jpg,1000,759,springbok,305,296,433,432
ostrich-236.jpg,1000,759,ostrich,468,306,660,454
ostrich-010.jpg,1000,759,ostrich,361,183,405,224
ostrich-010.jpg,1000,759,ostrich,516,234,565,277
ostrich-010.jpg,1000,759,ostrich,647,151,698,193
ostrich-010.jpg,1000,759,ostrich,750,591,808,631
ostrich-010.jpg,1000,759,ostrich,431,569,479,611
ostrich-010.jpg,1000,759,ostrich,231,363,274,417
ostrich-010.jpg,1000,759,ostrich,159,269,200,317
ostrich-010.jpg,1000,759,ostrich,186,139,235,182
ostrich-010.jpg,1000,759,ostrich,25,3,69,56
ostrich-114.jpg,1000,759,ostrich,391,396,516,525
springbok-066.jpg,1000,759,springbok,409,235,624,516
zebra-180.jpg,1000,759,zebra,215,1,720,605
ostrich-134.jpg,1000,759,ostrich,440,381,529,476
ostrich-058.jpg,1000,759,ostrich,534,242,586,311
springbok-146.jpg,1000,759,springbok,507,229,646,448
springbok-192.jpg,1000,759,springbok,338,243,500,408
ostrich-148.jpg,1000,759,ostrich,455,386,566,515
zebra-162.jpg,1000,759,zebra,450,196,750,623
springbok-109.jpg,1000,759,springbok,483,409,625,514
springbok-170.jpg,1000,759,springbok,411,294,639,491
ostrich-097.jpg,1000,759,ostrich,400,413,437,481
zebra-245.jpg,1000,759,zebra,336,350,691,729
ostrich-178.jpg,1000,759,ostrich,495,220,542,285
ostrich-108.jpg,1000,759,ostrich,394,429,492,516
springbok-185.jpg,1000,759,springbok,498,348,633,448
springbok-169.jpg,1000,759,springbok,396,297,643,503
springbok-008.jpg,1000,759,springbok,301,109,351,168
springbok-008.jpg,1000,759,springbok,464,1,511,44
springbok-008.jpg,1000,759,springbok,582,71,627,121
springbok-008.jpg,1000,759,springbok,496,153,550,222
springbok-008.jpg,1000,759,springbok,533,338,581,370
springbok-008.jpg,1000,759,springbok,148,332,200,377
springbok-008.jpg,1000,759,springbok,168,569,279,622
springbok-008.jpg,1000,759,springbok,426,548,463,594
springbok-008.jpg,1000,759,springbok,639,501,689,557
zebra-229.jpg,1000,759,zebra,388,356,575,662
ostrich-066.jpg,1000,759,ostrich,447,273,477,317
ostrich-057.jpg,1000,759,ostrich,548,246,603,320
ostrich-060.jpg,1000,759,ostrich,514,244,550,303
springbok-021.jpg,1000,759,springbok,266,362,344,436
springbok-021.jpg,1000,759,springbok,416,316,491,369
springbok-021.jpg,1000,759,springbok,485,170,544,210
springbok-021.jpg,1000,759,springbok,479,25,530,65
springbok-021.jpg,1000,759,springbok,677,55,722,96
springbok-021.jpg,1000,759,springbok,840,82,950,147
springbok-021.jpg,1000,759,springbok,865,281,920,356
springbok-021.jpg,1000,759,springbok,622,436,674,523
springbok-021.jpg,1000,759,springbok,301,531,398,622
zebra-034.jpg,1000,759,zebra,355,305,480,373
zebra-034.jpg,1000,759,zebra,501,4,574,135
zebra-034.jpg,1000,759,zebra,712,380,817,450
zebra-034.jpg,1000,759,zebra,486,508,563,675
zebra-034.jpg,1000,759,zebra,744,715,790,759
zebra-034.jpg,1000,759,zebra,139,654,223,759
zebra-034.jpg,1000,759,zebra,123,151,202,254
zebra-034.jpg,1000,759,zebra,248,1,306,56
ostrich-172.jpg,1000,759,ostrich,583,254,625,311
springbok-236.jpg,1000,759,springbok,456,314,531,417
zebra-243.jpg,1000,759,zebra,417,259,740,758
springbok-036.jpg,1000,759,springbok,511,142,564,203
springbok-036.jpg,1000,759,springbok,760,177,911,244
springbok-036.jpg,1000,759,springbok,808,555,877,625
springbok-036.jpg,1000,759,springbok,243,404,320,445
springbok-036.jpg,1000,759,springbok,203,117,272,164
springbok-036.jpg,1000,759,springbok,176,674,277,759
springbok-180.jpg,1000,759,springbok,483,339,633,455
springbok-082.jpg,1000,759,springbok,448,218,579,529
zebra-084.jpg,1000,759,zebra,404,37,607,678
zebra-085.jpg,1000,759,zebra,371,35,602,696
springbok-120.jpg,1000,759,springbok,392,200,626,394
zebra-077.jpg,1000,759,zebra,215,146,767,524
ostrich-067.jpg,1000,759,ostrich,440,278,469,318
springbok-075.jpg,1000,759,springbok,424,244,604,509
springbok-259.jpg,1000,759,springbok,318,313,424,456
springbok-115.jpg,1000,759,springbok,555,310,646,439
zebra-112.jpg,1000,759,zebra,348,278,563,529
zebra-111.jpg,1000,759,zebra,345,269,575,532
ostrich-232.jpg,1000,759,ostrich,461,270,685,408
zebra-233.jpg,1000,759,zebra,239,377,625,697
ostrich-037.jpg,1000,759,ostrich,400,352,530,503
zebra-118.jpg,1000,759,zebra,377,304,548,534
springbok-181.jpg,1000,759,springbok,483,340,634,451
zebra-223.jpg,1000,759,zebra,488,288,675,580
zebra-178.jpg,1000,759,zebra,258,1,694,627
ostrich-187.jpg,1000,759,ostrich,339,298,439,385
zebra-183.jpg,1000,759,zebra,207,29,713,564
springbok-213.jpg,1000,759,springbok,507,213,665,390
ostrich-059.jpg,1000,759,ostrich,522,244,569,309
springbok-222.jpg,1000,759,springbok,516,378,644,536
zebra-220.jpg,1000,759,zebra,437,207,583,607
ostrich-102.jpg,1000,759,ostrich,404,431,456,511
ostrich-253.jpg,1000,759,ostrich,425,241,553,418
springbok-122.jpg,1000,759,springbok,414,199,638,391
ostrich-039.jpg,1000,759,ostrich,435,389,542,504
zebra-119.jpg,1000,759,zebra,398,292,550,537
springbok-182.jpg,1000,759,springbok,489,344,634,451
zebra-163.jpg,1000,759,zebra,464,185,736,624
springbok-046.jpg,1000,759,springbok,359,117,635,592
springbok-208.jpg,1000,759,springbok,379,213,499,377
zebra-054.jpg,1000,759,zebra,512,192,633,273
zebra-054.jpg,1000,759,zebra,248,89,333,178
zebra-054.jpg,1000,759,zebra,237,443,390,573
zebra-054.jpg,1000,759,zebra,610,667,679,759
zebra-054.jpg,1000,759,zebra,796,370,883,481
zebra-054.jpg,1000,759,zebra,528,1,577,72
ostrich-135.jpg,1000,759,ostrich,438,378,534,478
springbok-096.jpg,1000,759,springbok,544,230,655,394
zebra-146.jpg,1000,759,zebra,385,462,694,556
zebra-127.jpg,1000,759,zebra,444,148,621,518
springbok-100.jpg,1000,759,springbok,498,369,672,512
zebra-139.jpg,1000,759,zebra,391,239,539,556
ostrich-215.jpg,1000,759,ostrich,422,256,578,438
springbok-199.jpg,1000,759,springbok,379,182,564,386
ostrich-101.jpg,1000,759,ostrich,403,430,451,506
springbok-161.jpg,1000,759,springbok,483,291,633,483
zebra-064.jpg,1000,759,zebra,445,186,494,308
zebra-064.jpg,1000,759,zebra,652,21,745,96
zebra-064.jpg,1000,759,zebra,904,202,952,256
zebra-064.jpg,1000,759,zebra,723,407,847,532
zebra-064.jpg,1000,759,zebra,258,492,312,600
zebra-064.jpg,1000,759,zebra,72,216,217,285
ostrich-086.jpg,1000,759,ostrich,352,357,413,404
zebra-074.jpg,1000,759,zebra,190,205,774,504
ostrich-021.jpg,1000,759,ostrich,381,259,450,325
ostrich-021.jpg,1000,759,ostrich,537,160,589,235
ostrich-021.jpg,1000,759,ostrich,742,180,805,259
ostrich-021.jpg,1000,759,ostrich,913,13,973,73
ostrich-021.jpg,1000,759,ostrich,631,647,700,726
ostrich-021.jpg,1000,759,ostrich,33,530,86,599
ostrich-021.jpg,1000,759,ostrich,704,409,764,474
zebra-149.jpg,1000,759,zebra,375,454,720,567
springbok-085.jpg,1000,759,springbok,409,216,609,517
zebra-079.jpg,1000,759,zebra,240,112,750,553
springbok-133.jpg,1000,759,springbok,498,280,677,486
ostrich-031.jpg,1000,759,ostrich,394,434,481,511
zebra-248.jpg,1000,759,zebra,244,405,639,615
springbok-216.jpg,1000,759,springbok,592,231,708,414
springbok-165.jpg,1000,759,springbok,412,308,655,500
zebra-211.jpg,1000,759,zebra,426,148,633,502
springbok-219.jpg,1000,759,springbok,621,330,698,510
zebra-230.jpg,1000,759,zebra,361,348,586,667
zebra-060.jpg,1000,759,zebra,452,173,513,296
zebra-060.jpg,1000,759,zebra,707,85,809,143
zebra-060.jpg,1000,759,zebra,950,272,1000,324
zebra-060.jpg,1000,759,zebra,702,410,804,551
zebra-060.jpg,1000,759,zebra,129,142,242,223
zebra-060.jpg,1000,759,zebra,177,399,269,486
zebra-097.jpg,1000,759,zebra,358,158,721,569
ostrich-027.jpg,1000,759,ostrich,387,443,452,493
zebra-073.jpg,1000,759,zebra,182,219,771,497
ostrich-156.jpg,1000,759,ostrich,566,403,655,515
zebra-067.jpg,1000,759,zebra,72,178,220,278
zebra-067.jpg,1000,759,zebra,439,246,507,358
zebra-067.jpg,1000,759,zebra,731,154,867,200
zebra-067.jpg,1000,759,zebra,644,492,720,634
zebra-067.jpg,1000,759,zebra,906,369,966,418
zebra-067.jpg,1000,759,zebra,175,456,239,550
ostrich-132.jpg,1000,759,ostrich,448,373,527,465
zebra-071.jpg,1000,759,zebra,186,219,748,532
ostrich-228.jpg,1000,759,ostrich,433,129,585,374
springbok-007.jpg,1000,759,springbok,169,278,212,321
springbok-007.jpg,1000,759,springbok,116,495,222,544
springbok-007.jpg,1000,759,springbok,359,523,399,570
springbok-007.jpg,1000,759,springbok,570,534,621,582
springbok-007.jpg,1000,759,springbok,518,357,569,391
springbok-007.jpg,1000,759,springbok,526,183,582,249
springbok-007.jpg,1000,759,springbok,630,122,683,174
springbok-007.jpg,1000,759,springbok,550,5,600,83
springbok-007.jpg,1000,759,springbok,359,112,403,168
zebra-254.jpg,1000,759,zebra,229,239,547,599
ostrich-096.jpg,1000,759,ostrich,396,413,438,473
zebra-035.jpg,1000,759,zebra,383,323,507,391
zebra-035.jpg,1000,759,zebra,126,172,220,280
zebra-035.jpg,1000,759,zebra,515,7,591,145
zebra-035.jpg,1000,759,zebra,255,1,312,58
zebra-035.jpg,1000,759,zebra,756,389,874,451
zebra-035.jpg,1000,759,zebra,550,539,615,716
zebra-035.jpg,1000,759,zebra,188,712,256,759
zebra-049.jpg,1000,759,zebra,455,412,566,551
zebra-049.jpg,1000,759,zebra,80,115,250,267
zebra-049.jpg,1000,759,zebra,1,383,53,502
zebra-049.jpg,1000,759,zebra,596,180,694,294
zebra-049.jpg,1000,759,zebra,609,7,650,123
zebra-049.jpg,1000,759,zebra,867,89,1000,189
zebra-049.jpg,1000,759,zebra,942,10,1000,88
ostrich-229.jpg,1000,759,ostrich,439,155,617,359
zebra-209.jpg,1000,759,zebra,440,188,644,518
ostrich-267.jpg,1000,759,ostrich,381,322,535,469
zebra-189.jpg,1000,759,zebra,309,135,633,477
ostrich-076.jpg,1000,759,ostrich,405,286,446,334
zebra-198.jpg,1000,759,zebra,280,212,621,454
springbok-064.jpg,1000,759,springbok,387,229,642,542
zebra-244.jpg,1000,759,zebra,367,307,706,759
springbok-147.jpg,1000,759,springbok,494,227,644,443
zebra-089.jpg,1000,759,zebra,294,86,706,650
springbok-173.jpg,1000,759,springbok,435,312,638,474
ostrich-044.jpg,1000,759,ostrich,520,407,568,493
zebra-221.jpg,1000,759,zebra,486,243,571,610
springbok-091.jpg,1000,759,springbok,538,252,625,426
zebra-117.jpg,1000,759,zebra,359,316,542,518
zebra-113.jpg,1000,759,zebra,352,285,558,523
ostrich-104.jpg,1000,759,ostrich,403,437,468,522
ostrich-261.jpg,1000,759,ostrich,356,320,543,428
springbok-032.jpg,1000,759,springbok,91,342,201,444
springbok-032.jpg,1000,759,springbok,326,197,438,278
springbok-032.jpg,1000,759,springbok,694,387,770,510
springbok-032.jpg,1000,759,springbok,220,623,344,759
ostrich-036.jpg,1000,759,ostrich,407,382,521,503
ostrich-083.jpg,1000,759,ostrich,364,320,413,370
springbok-117.jpg,1000,759,springbok,516,300,646,405
springbok-167.jpg,1000,759,springbok,387,296,651,501
springbok-088.jpg,1000,759,springbok,476,323,618,462
zebra-150.jpg,1000,759,zebra,366,448,734,564
zebra-242.jpg,1000,759,zebra,464,200,736,759
ostrich-146.jpg,1000,759,ostrich,440,390,568,503
springbok-106.jpg,1000,759,springbok,464,400,635,529
zebra-140.jpg,1000,759,zebra,374,262,528,564
ostrich-183.jpg,1000,759,ostrich,381,252,463,330
zebra-051.jpg,1000,759,zebra,555,181,661,285
zebra-051.jpg,1000,759,zebra,444,24,501,126
zebra-051.jpg,1000,759,zebra,737,24,823,131
zebra-051.jpg,1000,759,zebra,639,418,686,553
zebra-051.jpg,1000,759,zebra,161,535,223,673
zebra-051.jpg,1000,759,zebra,42,256,242,378
springbok-040.jpg,1000,759,springbok,174,287,266,370
springbok-040.jpg,1000,759,springbok,82,208,157,264
springbok-040.jpg,1000,759,springbok,66,555,150,626
springbok-040.jpg,1000,759,springbok,429,252,464,310
springbok-040.jpg,1000,759,springbok,653,118,721,179
springbok-040.jpg,1000,759,springbok,701,390,764,445
springbok-040.jpg,1000,759,springbok,724,657,801,759
zebra-165.jpg,1000,759,zebra,480,150,709,623
springbok-258.jpg,1000,759,springbok,329,336,424,475
zebra-231.jpg,1000,759,zebra,325,365,599,681
ostrich-063.jpg,1000,759,ostrich,477,254,507,307
zebra-058.jpg,1000,759,zebra,255,27,340,127
zebra-058.jpg,1000,759,zebra,29,32,112,102
zebra-058.jpg,1000,759,zebra,471,181,574,275
zebra-058.jpg,1000,759,zebra,782,199,906,270
zebra-058.jpg,1000,759,zebra,910,473,991,532
zebra-058.jpg,1000,759,zebra,590,483,642,634
zebra-058.jpg,1000,759,zebra,147,286,244,345
zebra-206.jpg,1000,759,zebra,459,140,574,499
ostrich-256.jpg,1000,759,ostrich,368,264,552,396
springbok-241.jpg,1000,759,springbok,451,371,498,474
springbok-024.jpg,1000,759,springbok,408,365,466,414
springbok-024.jpg,1000,759,springbok,287,443,350,490
springbok-024.jpg,1000,759,springbok,579,475,638,536
springbok-024.jpg,1000,759,springbok,781,314,822,368
springbok-024.jpg,1000,759,springbok,757,103,846,145
springbok-024.jpg,1000,759,springbok,605,81,640,116
springbok-024.jpg,1000,759,springbok,425,60,463,90
springbok-024.jpg,1000,759,springbok,444,221,491,252
springbok-024.jpg,1000,759,springbok,352,581,412,660
springbok-239.jpg,1000,759,springbok,448,344,499,447
ostrich-223.jpg,1000,759,ostrich,287,100,561,396
springbok-151.jpg,1000,759,springbok,440,238,639,440
springbok-209.jpg,1000,759,springbok,373,219,490,373
springbok-011.jpg,1000,759,springbok,239,231,305,312
springbok-011.jpg,1000,759,springbok,133,152,196,212
springbok-011.jpg,1000,759,springbok,1,262,55,314
springbok-011.jpg,1000,759,springbok,134,444,208,508
springbok-011.jpg,1000,759,springbok,418,634,463,701
springbok-011.jpg,1000,759,springbok,705,549,781,661
springbok-011.jpg,1000,759,springbok,673,369,727,416
springbok-011.jpg,1000,759,springbok,634,174,682,229
springbok-011.jpg,1000,759,springbok,452,248,492,290
ostrich-182.jpg,1000,759,ostrich,403,235,477,313
springbok-073.jpg,1000,759,springbok,429,244,599,496
springbok-087.jpg,1000,759,springbok,442,334,614,468
ostrich-241.jpg,1000,759,ostrich,443,286,637,389
zebra-207.jpg,1000,759,zebra,461,156,579,507
zebra-083.jpg,1000,759,zebra,339,43,636,662
ostrich-175.jpg,1000,759,ostrich,559,230,592,289
ostrich-113.jpg,1000,759,ostrich,390,403,513,518
combined2.jpg,2000,2000,ostrich,1190,512,1272,727
combined2.jpg,2000,2000,ostrich,1330,367,1490,533
combined2.jpg,2000,2000,ostrich,1782,548,1932,762
combined2.jpg,2000,2000,ostrich,1856,1154,2000,1383
combined2.jpg,2000,2000,ostrich,1169,1090,1372,1256
combined2.jpg,2000,2000,ostrich,380,638,574,819
combined2.jpg,2000,2000,zebra,322,985,451,1248
combined2.jpg,2000,2000,zebra,824,696,985,875
combined2.jpg,2000,2000,zebra,916,1222,1072,1435
combined2.jpg,2000,2000,zebra,477,1467,722,1640
combined2.jpg,2000,2000,springbok,716,354,882,512
combined2.jpg,2000,2000,springbok,1064,288,1232,422
combined2.jpg,2000,2000,springbok,1459,556,1553,759
combined2.jpg,2000,2000,springbok,1127,1717,1353,1854
zebra-141.jpg,1000,759,zebra,356,281,523,578
springbok-038.jpg,1000,759,springbok,266,174,337,216
springbok-038.jpg,1000,759,springbok,548,235,608,284
springbok-038.jpg,1000,759,springbok,792,304,948,374
springbok-038.jpg,1000,759,springbok,773,695,834,759
springbok-038.jpg,1000,759,springbok,261,451,337,490
springbok-038.jpg,1000,759,springbok,160,697,270,759
ostrich-268.jpg,1000,759,ostrich,390,318,533,474
ostrich-254.jpg,1000,759,ostrich,408,244,550,402
ostrich-176.jpg,1000,759,ostrich,538,221,577,290
zebra-159.jpg,1000,759,zebra,396,270,779,623
zebra-102.jpg,1000,759,zebra,318,321,744,481
zebra-103.jpg,1000,759,zebra,320,312,734,504
ostrich-200.jpg,1000,759,ostrich,524,329,596,476
zebra-252.jpg,1000,759,zebra,209,281,580,581
ostrich-007.jpg,1000,759,ostrich,214,224,239,285
ostrich-007.jpg,1000,759,ostrich,330,128,361,181
ostrich-007.jpg,1000,759,ostrich,303,22,337,68
ostrich-007.jpg,1000,759,ostrich,695,67,722,124
ostrich-007.jpg,1000,759,ostrich,776,365,805,425
ostrich-007.jpg,1000,759,ostrich,601,274,635,334
ostrich-007.jpg,1000,759,ostrich,330,398,381,448
ostrich-007.jpg,1000,759,ostrich,191,450,246,489
ostrich-007.jpg,1000,759,ostrich,64,377,105,422
springbok-254.jpg,1000,759,springbok,404,403,451,536
springbok-155.jpg,1000,759,springbok,468,243,618,444
ostrich-040.jpg,1000,759,ostrich,461,394,539,507
ostrich-202.jpg,1000,759,ostrich,512,302,592,457
zebra-249.jpg,1000,759,zebra,221,402,631,559
zebra-126.jpg,1000,759,zebra,437,151,628,502
ostrich-230.jpg,1000,759,ostrich,455,189,653,372
zebra-148.jpg,1000,759,zebra,375,459,707,551
zebra-212.jpg,1000,759,zebra,421,146,636,508
springbok-132.jpg,1000,759,springbok,509,269,668,481
springbok-177.jpg,1000,759,springbok,466,327,634,464
ostrich-199.jpg,1000,759,ostrich,526,347,592,489
ostrich-218.jpg,1000,759,ostrich,430,273,611,441
ostrich-142.jpg,1000,759,ostrich,429,398,551,500
ostrich-220.jpg,1000,759,ostrich,442,290,629,438
ostrich-137.jpg,1000,759,ostrich,433,389,537,493
springbok-061.jpg,1000,759,springbok,325,173,691,577
ostrich-043.jpg,1000,759,ostrich,511,403,559,495
springbok-244.jpg,1000,759,springbok,459,400,517,504
zebra-142.jpg,1000,759,zebra,342,304,507,599
springbok-025.jpg,1000,759,springbok,363,590,421,669
springbok-025.jpg,1000,759,springbok,303,456,346,505
springbok-025.jpg,1000,759,springbok,412,384,461,432
springbok-025.jpg,1000,759,springbok,577,478,620,542
springbok-025.jpg,1000,759,springbok,756,314,799,368
springbok-025.jpg,1000,759,springbok,735,112,816,153
springbok-025.jpg,1000,759,springbok,585,94,621,129
springbok-025.jpg,1000,759,springbok,409,78,446,107
springbok-025.jpg,1000,759,springbok,435,232,481,269
springbok-204.jpg,1000,759,springbok,381,194,527,369
zebra-098.jpg,1000,759,zebra,347,189,731,546
ostrich-082.jpg,1000,759,ostrich,368,313,422,365
springbok-094.jpg,1000,759,springbok,494,226,650,373
zebra-012.jpg,1200,800,zebra,119,267,288,412
zebra-012.jpg,1200,800,zebra,163,48,309,154
zebra-012.jpg,1200,800,zebra,517,200,584,363
zebra-012.jpg,1200,800,zebra,646,79,775,194
zebra-012.jpg,1200,800,zebra,938,115,1080,229
zebra-012.jpg,1200,800,zebra,736,348,877,481
zebra-012.jpg,1200,800,zebra,678,548,848,765
zebra-012.jpg,1200,800,zebra,228,510,315,744
ostrich-041.jpg,1000,759,ostrich,473,404,550,508
springbok-228.jpg,1000,759,springbok,398,399,550,491
springbok-220.jpg,1000,759,springbok,592,355,690,539
springbok-150.jpg,1000,759,springbok,450,244,633,438
ostrich-177.jpg,1000,759,ostrich,522,221,556,283
zebra-188.jpg,1000,759,zebra,299,123,642,488
ostrich-252.jpg,1000,759,ostrich,438,237,547,424
springbok-033.jpg,1000,759,springbok,281,330,394,409
springbok-033.jpg,1000,759,springbok,352,48,433,102
springbok-033.jpg,1000,759,springbok,633,517,712,637
springbok-033.jpg,1000,759,springbok,61,476,166,572
ostrich-184.jpg,1000,759,ostrich,363,257,455,339
ostrich-111.jpg,1000,759,ostrich,391,421,504,516
zebra-213.jpg,1000,759,zebra,407,137,639,494
springbok-193.jpg,1000,759,springbok,376,205,508,404
springbok-174.jpg,1000,759,springbok,446,316,639,474
zebra-093.jpg,1000,759,zebra,334,116,710,608
ostrich-116.jpg,1000,759,ostrich,382,385,508,533
zebra-009.jpg,1200,800,zebra,177,396,321,477
zebra-009.jpg,1200,800,zebra,486,304,544,448
zebra-009.jpg,1200,800,zebra,634,444,757,531
zebra-009.jpg,1200,800,zebra,586,648,694,800
zebra-009.jpg,1200,800,zebra,277,637,336,800
zebra-009.jpg,1200,800,zebra,194,121,313,187
zebra-009.jpg,1200,800,zebra,613,125,717,215
zebra-009.jpg,1200,800,zebra,861,169,973,256
springbok-168.jpg,1000,759,springbok,389,292,646,505
ostrich-015.jpg,1000,759,ostrich,547,291,600,354
ostrich-015.jpg,1000,759,ostrich,537,137,587,202
ostrich-015.jpg,1000,759,ostrich,633,4,678,51
ostrich-015.jpg,1000,759,ostrich,855,169,914,235
ostrich-015.jpg,1000,759,ostrich,772,550,820,643
ostrich-015.jpg,1000,759,ostrich,544,463,607,526
ostrich-015.jpg,1000,759,ostrich,27,509,79,574
ostrich-015.jpg,1000,759,ostrich,257,250,317,313
ostrich-015.jpg,1000,759,ostrich,369,154,404,230
zebra-194.jpg,1000,759,zebra,304,180,617,454
zebra-187.jpg,1000,759,zebra,290,107,650,496
zebra-042.jpg,1000,759,zebra,561,313,688,423
zebra-042.jpg,1000,759,zebra,945,486,1000,627
zebra-042.jpg,1000,759,zebra,498,5,548,153
zebra-042.jpg,1000,759,zebra,139,83,207,154
zebra-042.jpg,1000,759,zebra,104,288,255,396
zebra-161.jpg,1000,759,zebra,428,221,759,621
springbok-130.jpg,1000,759,springbok,540,232,648,473
springbok-137.jpg,1000,759,springbok,473,313,676,475
zebra-167.jpg,1000,759,zebra,491,89,688,624
zebra-160.jpg,1000,759,zebra,409,251,769,619
springbok-232.jpg,1000,759,springbok,412,322,481,449
zebra-065.jpg,1000,759,zebra,448,200,507,323
zebra-065.jpg,1000,759,zebra,75,210,225,273
zebra-065.jpg,1000,759,zebra,229,497,286,594
zebra-065.jpg,1000,759,zebra,686,50,794,107
zebra-065.jpg,1000,759,zebra,909,256,966,302
zebra-065.jpg,1000,759,zebra,696,450,806,580
springbok-055.jpg,1000,759,springbok,301,175,650,577
springbok-202.jpg,1000,759,springbok,382,195,543,371
zebra-177.jpg,1000,759,zebra,306,1,686,645
springbok-153.jpg,1000,759,springbok,442,240,630,443
zebra-208.jpg,1000,759,zebra,453,164,612,513
springbok-197.jpg,1000,759,springbok,395,179,564,391
zebra-128.jpg,1000,759,zebra,448,151,618,504
ostrich-191.jpg,1000,759,ostrich,364,368,474,459
ostrich-013.jpg,1000,759,ostrich,251,251,307,307
ostrich-013.jpg,1000,759,ostrich,360,176,395,234
ostrich-013.jpg,1000,759,ostrich,501,164,551,221
ostrich-013.jpg,1000,759,ostrich,624,44,665,89
ostrich-013.jpg,1000,759,ostrich,779,213,830,269
ostrich-013.jpg,1000,759,ostrich,604,522,640,606
ostrich-013.jpg,1000,759,ostrich,448,443,492,498
ostrich-013.jpg,1000,759,ostrich,42,447,85,499
ostrich-013.jpg,1000,759,ostrich,37,78,76,129
ostrich-013.jpg,1000,759,ostrich,483,302,527,359
zebra-101.jpg,1000,759,zebra,317,297,753,496
zebra-004.jpg,1200,800,zebra,386,185,490,258
zebra-004.jpg,1200,800,zebra,569,12,665,108
zebra-004.jpg,1200,800,zebra,784,115,894,200
zebra-004.jpg,1200,800,zebra,692,306,796,396
zebra-004.jpg,1200,800,zebra,530,329,580,442
zebra-004.jpg,1200,800,zebra,769,577,888,633
zebra-004.jpg,1200,800,zebra,1059,296,1153,373
zebra-004.jpg,1200,800,zebra,607,694,669,800
zebra-041.jpg,1000,759,zebra,118,267,255,385
zebra-041.jpg,1000,759,zebra,175,62,239,134
zebra-041.jpg,1000,759,zebra,529,1,575,156
zebra-041.jpg,1000,759,zebra,544,335,679,434
zebra-041.jpg,1000,759,zebra,904,532,1000,696
ostrich-204.jpg,1000,759,ostrich,496,276,574,441
ostrich-048.jpg,1000,759,ostrich,559,406,600,480
zebra-066.jpg,1000,759,zebra,442,219,517,339
zebra-066.jpg,1000,759,zebra,715,99,831,140
zebra-066.jpg,1000,759,zebra,910,313,967,361
zebra-066.jpg,1000,759,zebra,669,472,763,612
zebra-066.jpg,1000,759,zebra,77,192,223,269
zebra-066.jpg,1000,759,zebra,202,477,259,573
zebra-164.jpg,1000,759,zebra,477,167,712,627
springbok-105.jpg,1000,759,springbok,451,392,635,527
springbok-249.jpg,1000,759,springbok,473,442,555,530
ostrich-242.jpg,1000,759,ostrich,446,274,621,406
ostrich-128.jpg,1000,759,ostrich,460,364,522,442
springbok-240.jpg,1000,759,springbok,451,360,495,465
ostrich-025.jpg,1000,759,ostrich,242,465,286,506
ostrich-025.jpg,1000,759,ostrich,225,203,260,244
ostrich-025.jpg,1000,759,ostrich,216,85,251,117
ostrich-025.jpg,1000,759,ostrich,461,280,482,320
ostrich-025.jpg,1000,759,ostrich,557,339,609,378
ostrich-025.jpg,1000,759,ostrich,669,54,698,96
ostrich-025.jpg,1000,759,ostrich,617,450,642,504
ostrich-025.jpg,1000,759,ostrich,899,556,934,595
ostrich-025.jpg,1000,759,ostrich,583,734,622,759
ostrich-025.jpg,1000,759,ostrich,131,590,190,628
ostrich-025.jpg,1000,759,ostrich,414,472,451,509
ostrich-025.jpg,1000,759,ostrich,1,263,25,307
ostrich-073.jpg,1000,759,ostrich,421,283,459,325
zebra-199.jpg,1000,759,zebra,282,216,617,453
springbok-175.jpg,1000,759,springbok,455,318,635,466
springbok-189.jpg,1000,759,springbok,330,342,496,457
springbok-226.jpg,1000,759,springbok,421,394,576,503
springbok-136.jpg,1000,759,springbok,463,321,677,473
zebra-028.jpg,1000,759,zebra,463,258,531,380
zebra-028.jpg,1000,759,zebra,545,1,599,83
zebra-028.jpg,1000,759,zebra,842,21,875,77
zebra-028.jpg,1000,759,zebra,799,292,952,364
zebra-028.jpg,1000,759,zebra,166,464,298,542
zebra-028.jpg,1000,759,zebra,486,627,540,724
zebra-028.jpg,1000,759,zebra,1,234,90,289
zebra-172.jpg,1000,759,zebra,444,1,644,650
zebra-175.jpg,1000,759,zebra,359,1,663,650
springbok-026.jpg,1000,759,springbok,439,199,485,226
springbok-026.jpg,1000,759,springbok,407,19,446,58
springbok-026.jpg,1000,759,springbok,600,39,639,82
springbok-026.jpg,1000,759,springbok,761,60,856,110
springbok-026.jpg,1000,759,springbok,787,290,833,338
springbok-026.jpg,1000,759,springbok,594,458,643,527
springbok-026.jpg,1000,759,springbok,403,361,465,407
springbok-026.jpg,1000,759,springbok,289,432,342,496
springbok-026.jpg,1000,759,springbok,359,581,417,671
springbok-214.jpg,1000,759,springbok,527,208,683,392
ostrich-002.jpg,1000,759,ostrich,490,490,542,535
ostrich-002.jpg,1000,759,ostrich,476,198,526,260
ostrich-002.jpg,1000,759,ostrich,640,120,685,178
ostrich-002.jpg,1000,759,ostrich,292,37,339,95
ostrich-002.jpg,1000,759,ostrich,124,365,187,417
ostrich-002.jpg,1000,759,ostrich,185,547,252,607
ostrich-002.jpg,1000,759,ostrich,481,646,513,706
ostrich-195.jpg,1000,759,ostrich,461,385,547,500
ostrich-072.jpg,1000,759,ostrich,425,282,459,326
springbok-256.jpg,1000,759,springbok,368,371,431,509
springbok-043.jpg,1000,759,springbok,655,345,720,408
springbok-043.jpg,1000,759,springbok,599,186,660,275
springbok-043.jpg,1000,759,springbok,701,138,747,208
springbok-043.jpg,1000,759,springbok,568,65,612,152
springbok-043.jpg,1000,759,springbok,364,169,421,235
springbok-043.jpg,1000,759,springbok,242,1,308,49
springbok-043.jpg,1000,759,springbok,142,336,203,397
springbok-043.jpg,1000,759,springbok,96,551,269,658
springbok-043.jpg,1000,759,springbok,504,564,556,622
springbok-043.jpg,1000,759,springbok,838,508,891,596
springbok-245.jpg,1000,759,springbok,459,416,531,513
ostrich-032.jpg,1000,759,ostrich,400,428,487,511
springbok-125.jpg,1000,759,springbok,464,195,646,403
springbok-110.jpg,1000,759,springbok,490,409,622,512
zebra-219.jpg,1000,759,zebra,386,172,612,577
ostrich-054.jpg,1000,759,ostrich,576,289,651,343
ostrich-129.jpg,1000,759,ostrich,455,369,522,454
springbok-114.jpg,1000,759,springbok,568,334,639,473
zebra-253.jpg,1000,759,zebra,225,239,545,596
springbok-198.jpg,1000,759,springbok,376,182,570,391
zebra-072.jpg,1000,759,zebra,183,240,766,521
ostrich-069.jpg,1000,759,ostrich,437,283,474,322
zebra-130.jpg,1000,759,zebra,455,154,613,502
ostrich-026.jpg,1000,759,ostrich,459,281,491,322
ostrich-026.jpg,1000,759,ostrich,220,207,265,243
ostrich-026.jpg,1000,759,ostrich,216,81,252,121
ostrich-026.jpg,1000,759,ostrich,670,63,696,95
ostrich-026.jpg,1000,759,ostrich,560,337,603,374
ostrich-026.jpg,1000,759,ostrich,616,455,644,504
ostrich-026.jpg,1000,759,ostrich,900,557,933,594
ostrich-026.jpg,1000,759,ostrich,134,586,181,628
ostrich-026.jpg,1000,759,ostrich,239,468,285,503
ostrich-026.jpg,1000,759,ostrich,1,265,27,302
ostrich-026.jpg,1000,759,ostrich,585,734,614,759
ostrich-026.jpg,1000,759,ostrich,414,470,451,508
springbok-229.jpg,1000,759,springbok,391,388,527,484
ostrich-050.jpg,1000,759,ostrich,582,387,639,451
zebra-010.jpg,1200,800,zebra,232,238,334,340
zebra-010.jpg,1200,800,zebra,169,460,261,608
zebra-010.jpg,1200,800,zebra,455,581,530,738
zebra-010.jpg,1200,800,zebra,584,435,732,508
zebra-010.jpg,1200,800,zebra,507,238,569,371
zebra-010.jpg,1200,800,zebra,715,129,813,229
zebra-010.jpg,1200,800,zebra,928,238,1057,327
zebra-010.jpg,1200,800,zebra,363,13,459,100
ostrich-133.jpg,1000,759,ostrich,440,380,530,470
ostrich-065.jpg,1000,759,ostrich,456,268,483,315
ostrich-158.jpg,1000,759,ostrich,595,404,661,513
springbok-164.jpg,1000,759,springbok,426,318,656,501
ostrich-269.jpg,1000,759,ostrich,405,313,525,482
zebra-186.jpg,1000,759,zebra,275,89,663,515
zebra-228.jpg,1000,759,zebra,517,313,747,459
combined3.jpg,2000,2000,springbok,1301,538,1461,683
combined3.jpg,2000,2000,springbok,1609,651,1769,854
combined3.jpg,2000,2000,springbok,143,1272,259,1483
combined3.jpg,2000,2000,zebra,501,948,614,1188
combined3.jpg,2000,2000,zebra,440,590,611,798
combined3.jpg,2000,2000,zebra,959,730,1182,901
combined3.jpg,2000,2000,zebra,169,833,269,1072
combined3.jpg,2000,2000,ostrich,877,451,985,680
combined3.jpg,2000,2000,ostrich,788,1046,882,1267
combined3.jpg,2000,2000,ostrich,990,1483,1109,1772
combined3.jpg,2000,2000,ostrich,1664,1238,1903,1438
combined3.jpg,2000,2000,ostrich,1677,835,1801,1030
combined3.jpg,2000,2000,ostrich,1316,798,1493,1017
ostrich-127.jpg,1000,759,ostrich,461,359,524,439
zebra-095.jpg,1000,759,zebra,342,139,718,592
zebra-250.jpg,1000,759,zebra,204,372,615,548
springbok-203.jpg,1000,759,springbok,381,191,535,368
zebra-019.jpg,912,1200,zebra,729,439,759,510
zebra-019.jpg,912,1200,zebra,865,577,895,648
zebra-019.jpg,912,1200,zebra,767,171,797,242
zebra-019.jpg,912,1200,zebra,666,731,696,802
zebra-019.jpg,912,1200,zebra,779,764,809,835
zebra-019.jpg,912,1200,zebra,722,968,752,1039
zebra-019.jpg,912,1200,zebra,36,1005,66,1076
zebra-019.jpg,912,1200,zebra,122,824,152,895
zebra-019.jpg,912,1200,zebra,1,682,15,754
zebra-019.jpg,912,1200,zebra,155,292,185,363
zebra-019.jpg,912,1200,zebra,342,215,372,286
zebra-019.jpg,912,1200,zebra,508,403,538,474
zebra-019.jpg,912,1200,zebra,24,89,54,160
ostrich-106.jpg,1000,759,ostrich,398,434,477,524
springbok-196.jpg,1000,759,springbok,409,173,555,387
zebra-200.jpg,1000,759,zebra,277,215,623,453
springbok-156.jpg,1000,759,springbok,482,243,618,448
zebra-006.jpg,1200,800,zebra,192,187,313,262
zebra-006.jpg,1200,800,zebra,600,135,711,212
zebra-006.jpg,1200,800,zebra,855,108,952,202
zebra-006.jpg,1200,800,zebra,723,427,809,529
zebra-006.jpg,1200,800,zebra,532,321,592,467
zebra-006.jpg,1200,800,zebra,246,490,394,552
zebra-006.jpg,1200,800,zebra,421,700,480,800
zebra-006.jpg,1200,800,zebra,705,667,834,796
zebra-191.jpg,1000,759,zebra,328,154,617,459
springbok-225.jpg,1000,759,springbok,431,379,585,508
springbok-194.jpg,1000,759,springbok,399,179,508,388
zebra-217.jpg,1000,759,zebra,363,110,647,532
springbok-126.jpg,1000,759,springbok,492,197,650,414
ostrich-005.jpg,1000,759,ostrich,151,331,190,393
ostrich-005.jpg,1000,759,ostrich,230,178,264,246
ostrich-005.jpg,1000,759,ostrich,144,82,178,128
ostrich-005.jpg,1000,759,ostrich,553,2,599,63
ostrich-005.jpg,1000,759,ostrich,570,230,611,293
ostrich-005.jpg,1000,759,ostrich,766,260,800,312
ostrich-005.jpg,1000,759,ostrich,368,461,426,499
ostrich-005.jpg,1000,759,ostrich,253,555,304,604
ostrich-005.jpg,1000,759,ostrich,63,560,111,599
ostrich-224.jpg,1000,759,ostrich,324,104,539,395
ostrich-258.jpg,1000,759,ostrich,361,303,550,408
zebra-052.jpg,1000,759,zebra,710,423,763,559
zebra-052.jpg,1000,759,zebra,536,191,653,285
zebra-052.jpg,1000,759,zebra,369,27,439,131
zebra-052.jpg,1000,759,zebra,669,2,739,97
zebra-052.jpg,1000,759,zebra,967,62,1000,107
zebra-052.jpg,1000,759,zebra,80,342,275,456
zebra-052.jpg,1000,759,zebra,313,623,364,759
ostrich-203.jpg,1000,759,ostrich,507,282,583,452
springbok-015.jpg,1000,759,springbok,1,538,122,618
springbok-015.jpg,1000,759,springbok,72,348,163,425
springbok-015.jpg,1000,759,springbok,252,343,352,405
springbok-015.jpg,1000,759,springbok,420,232,476,278
springbok-015.jpg,1000,759,springbok,487,99,551,144
springbok-015.jpg,1000,759,springbok,677,178,739,223
springbok-015.jpg,1000,759,springbok,851,251,965,325
springbok-015.jpg,1000,759,springbok,774,470,818,551
springbok-015.jpg,1000,759,springbok,391,531,460,638
ostrich-259.jpg,1000,759,ostrich,361,318,539,413
ostrich-221.jpg,1000,759,ostrich,453,293,640,443
springbok-224.jpg,1000,759,springbok,440,364,589,509
ostrich-121.jpg,1000,759,ostrich,460,372,547,450
zebra-059.jpg,1000,759,zebra,463,175,542,288
zebra-059.jpg,1000,759,zebra,752,146,866,204
zebra-059.jpg,1000,759,zebra,950,380,1000,429
zebra-059.jpg,1000,759,zebra,656,446,736,607
zebra-059.jpg,1000,759,zebra,145,346,247,412
zebra-059.jpg,1000,759,zebra,1,148,59,192
zebra-059.jpg,1000,759,zebra,183,69,288,167
zebra-240.jpg,1000,759,zebra,467,189,739,759
zebra-107.jpg,1000,759,zebra,352,264,674,545
zebra-237.jpg,1000,759,zebra,237,356,710,759
zebra-155.jpg,1000,759,zebra,329,361,785,602
springbok-231.jpg,1000,759,springbok,398,334,491,460
springbok-089.jpg,1000,759,springbok,511,300,618,464
zebra-013.jpg,1200,800,zebra,34,90,194,213
zebra-013.jpg,1200,800,zebra,44,287,259,450
zebra-013.jpg,1200,800,zebra,294,477,394,800
zebra-013.jpg,1200,800,zebra,832,452,1082,712
zebra-013.jpg,1200,800,zebra,813,250,952,419
zebra-013.jpg,1200,800,zebra,502,171,592,362
zebra-013.jpg,1200,800,zebra,600,62,736,185
zebra-013.jpg,1200,800,zebra,915,58,1046,181
zebra-027.jpg,1000,759,zebra,471,283,531,410
zebra-027.jpg,1000,759,zebra,117,435,258,486
zebra-027.jpg,1000,759,zebra,40,140,120,213
zebra-027.jpg,1000,759,zebra,625,35,709,132
zebra-027.jpg,1000,759,zebra,925,140,975,208
zebra-027.jpg,1000,759,zebra,802,407,961,515
zebra-027.jpg,1000,759,zebra,383,651,433,759
zebra-027.jpg,1000,759,zebra,1,658,64,718
zebra-238.jpg,1000,759,zebra,310,318,725,759
ostrich-164.jpg,1000,759,ostrich,512,324,577,373
zebra-100.jpg,1000,759,zebra,323,257,747,522
ostrich-226.jpg,1000,759,ostrich,396,106,526,393
ostrich-131.jpg,1000,759,ostrich,450,372,525,459
zebra-105.jpg,1000,759,zebra,336,273,693,529
ostrich-055.jpg,1000,759,ostrich,565,267,637,328
springbok-255.jpg,1000,759,springbok,386,390,439,523
springbok-184.jpg,1000,759,springbok,498,349,627,448
springbok-237.jpg,1000,759,springbok,456,327,517,429
ostrich-087.jpg,1000,759,ostrich,355,370,414,412
ostrich-051.jpg,1000,759,ostrich,583,369,657,426
springbok-034.jpg,1000,759,springbok,248,458,352,536
springbok-034.jpg,1000,759,springbok,312,178,391,223
springbok-034.jpg,1000,759,springbok,914,335,1000,407
springbok-034.jpg,1000,759,springbok,582,634,657,759
springbok-034.jpg,1000,759,springbok,30,599,134,692
springbok-144.jpg,1000,759,springbok,527,243,638,465
ostrich-143.jpg,1000,759,ostrich,430,398,557,498
ostrich-266.jpg,1000,759,ostrich,372,318,540,455
ostrich-123.jpg,1000,759,ostrich,472,359,538,437
zebra-144.jpg,1000,759,zebra,321,343,496,629
springbok-188.jpg,1000,759,springbok,347,347,505,461
ostrich-157.jpg,1000,759,ostrich,578,403,651,516
springbok-235.jpg,1000,759,springbok,451,313,509,425
ostrich-257.jpg,1000,759,ostrich,366,273,553,403
ostrich-222.jpg,1000,759,ostrich,451,293,642,442
springbok-233.jpg,1000,759,springbok,429,317,479,435
ostrich-260.jpg,1000,759,ostrich,357,322,540,417
ostrich-090.jpg,1000,759,ostrich,369,398,420,444
springbok-250.jpg,1000,759,springbok,460,442,537,542
ostrich-033.jpg,1000,759,ostrich,407,421,491,513
ostrich-038.jpg,1000,759,ostrich,418,381,530,502
zebra-081.jpg,1000,759,zebra,263,76,703,603
zebra-197.jpg,1000,759,zebra,290,205,621,458
springbok-218.jpg,1000,759,springbok,638,296,701,482
ostrich-171.jpg,1000,759,ostrich,576,268,621,324
zebra-039.jpg,1000,759,zebra,507,358,650,448
zebra-039.jpg,1000,759,zebra,136,231,266,346
zebra-039.jpg,1000,759,zebra,244,27,302,99
zebra-039.jpg,1000,759,zebra,571,2,633,153
zebra-039.jpg,1000,759,zebra,958,397,1000,465
zebra-039.jpg,1000,759,zebra,791,604,925,759
ostrich-239.jpg,1000,759,ostrich,446,308,642,409
zebra-210.jpg,1000,759,zebra,439,167,634,497
zebra-104.jpg,1000,759,zebra,324,299,720,510
zebra-040.jpg,1000,759,zebra,126,251,253,358
zebra-040.jpg,1000,759,zebra,207,39,272,116
zebra-040.jpg,1000,759,zebra,548,2,606,156
zebra-040.jpg,1000,759,zebra,526,350,663,445
zebra-040.jpg,1000,759,zebra,848,575,991,759
springbok-058.jpg,1000,759,springbok,278,214,692,597
ostrich-206.jpg,1000,759,ostrich,478,250,560,433
zebra-234.jpg,1000,759,zebra,193,392,636,713
zebra-057.jpg,1000,759,zebra,490,189,599,277
zebra-057.jpg,1000,759,zebra,338,2,398,94
zebra-057.jpg,1000,759,zebra,155,1,206,54
zebra-057.jpg,1000,759,zebra,164,224,255,277
zebra-057.jpg,1000,759,zebra,515,477,574,631
zebra-057.jpg,1000,759,zebra,866,543,933,608
zebra-057.jpg,1000,759,zebra,799,261,920,332
springbok-029.jpg,1000,759,springbok,221,336,299,414
springbok-029.jpg,1000,759,springbok,391,227,473,291
springbok-029.jpg,1000,759,springbok,437,7,501,53
springbok-029.jpg,1000,759,springbok,929,136,990,204
springbok-029.jpg,1000,759,springbok,657,364,727,464
springbok-029.jpg,1000,759,springbok,320,542,405,662
ostrich-024.jpg,1000,759,ostrich,111,85,153,128
ostrich-024.jpg,1000,759,ostrich,165,226,204,269
ostrich-024.jpg,1000,759,ostrich,444,276,487,321
ostrich-024.jpg,1000,759,ostrich,576,322,625,357
ostrich-024.jpg,1000,759,ostrich,665,438,698,495
ostrich-024.jpg,1000,759,ostrich,970,489,1000,537
ostrich-024.jpg,1000,759,ostrich,463,494,496,535
ostrich-024.jpg,1000,759,ostrich,272,524,313,576
ostrich-024.jpg,1000,759,ostrich,181,696,231,735
ostrich-024.jpg,1000,759,ostrich,611,1,634,30
zebra-094.jpg,1000,759,zebra,337,127,717,602
ostrich-207.jpg,1000,759,ostrich,451,238,546,435
zebra-015.jpg,737,1000,zebra,693,194,718,249
zebra-015.jpg,737,1000,zebra,718,473,737,531
zebra-015.jpg,737,1000,zebra,681,702,709,758
zebra-015.jpg,737,1000,zebra,503,662,527,727
springbok-104.jpg,1000,759,springbok,450,383,638,535
ostrich-093.jpg,1000,759,ostrich,396,411,443,464
springbok-037.jpg,1000,759,springbok,172,221,240,269
springbok-037.jpg,1000,759,springbok,472,251,529,307
springbok-037.jpg,1000,759,springbok,717,286,861,347
springbok-037.jpg,1000,759,springbok,759,661,824,731
springbok-037.jpg,1000,759,springbok,212,509,286,545
springbok-051.jpg,1000,759,springbok,335,175,655,561
ostrich-070.jpg,1000,759,ostrich,437,281,466,320
ostrich-088.jpg,1000,759,ostrich,357,378,417,422
springbok-077.jpg,1000,759,springbok,421,234,607,509
ostrich-140.jpg,1000,759,ostrich,422,394,547,502
zebra-037.jpg,1000,759,zebra,142,210,252,305
zebra-037.jpg,1000,759,zebra,269,12,331,78
zebra-037.jpg,1000,759,zebra,559,1,637,154
zebra-037.jpg,1000,759,zebra,445,351,601,432
zebra-037.jpg,1000,759,zebra,874,415,1000,481
zebra-037.jpg,1000,759,zebra,667,596,761,759
zebra-070.jpg,1000,759,zebra,190,199,734,543
springbok-005.jpg,1000,759,springbok,368,212,412,271
springbok-005.jpg,1000,759,springbok,587,92,644,183
springbok-005.jpg,1000,759,springbok,673,231,734,288
springbok-005.jpg,1000,759,springbok,550,299,616,371
springbok-005.jpg,1000,759,springbok,139,387,189,439
springbok-005.jpg,1000,759,springbok,530,499,594,542
springbok-005.jpg,1000,759,springbok,333,704,391,749
springbok-005.jpg,1000,759,springbok,52,656,181,710
springbok-005.jpg,1000,759,springbok,596,726,651,759
springbok-163.jpg,1000,759,springbok,442,317,653,492
springbok-078.jpg,1000,759,springbok,418,238,605,513
zebra-216.jpg,1000,759,zebra,371,118,647,524
ostrich-219.jpg,1000,759,ostrich,438,281,617,441
ostrich-103.jpg,1000,759,ostrich,403,433,460,515
zebra-053.jpg,1000,759,zebra,148,407,325,521
zebra-053.jpg,1000,759,zebra,299,53,379,150
zebra-053.jpg,1000,759,zebra,596,1,647,73
zebra-053.jpg,1000,759,zebra,883,2,963,62
zebra-053.jpg,1000,759,zebra,526,199,647,280
zebra-053.jpg,1000,759,zebra,747,413,828,527
zebra-053.jpg,1000,759,zebra,467,670,528,759
springbok-079.jpg,1000,759,springbok,438,229,598,526
springbok-048.jpg,1000,759,springbok,347,132,651,557
zebra-124.jpg,1000,759,zebra,458,202,580,534
zebra-088.jpg,1000,759,zebra,290,86,701,658
springbok-135.jpg,1000,759,springbok,474,312,681,475
springbok-158.jpg,1000,759,springbok,518,253,604,456
ostrich-138.jpg,1000,759,ostrich,434,386,539,500
ostrich-120.jpg,1000,759,ostrich,456,369,551,452
springbok-045.jpg,1000,759,springbok,370,122,622,596
zebra-048.jpg,1000,759,zebra,348,439,499,567
zebra-048.jpg,1000,759,zebra,626,199,696,318
zebra-048.jpg,1000,759,zebra,707,13,744,124
zebra-048.jpg,1000,759,zebra,933,129,1000,239
zebra-048.jpg,1000,759,zebra,133,70,291,227
zebra-048.jpg,1000,759,zebra,1,329,31,439
zebra-147.jpg,1000,759,zebra,383,459,702,551
springbok-139.jpg,1000,759,springbok,492,297,672,479
ostrich-272.jpg,1000,759,ostrich,422,306,524,494
zebra-106.jpg,1000,759,zebra,356,262,671,540
ostrich-263.jpg,1000,759,ostrich,361,325,538,443
springbok-178.jpg,1000,759,springbok,470,331,634,461
ostrich-194.jpg,1000,759,ostrich,431,383,525,496
ostrich-244.jpg,1000,759,ostrich,452,265,616,418
zebra-131.jpg,1000,759,zebra,458,162,607,507
zebra-091.jpg,1000,759,zebra,317,102,709,627
ostrich-169.jpg,1000,759,ostrich,561,296,616,343
ostrich-233.jpg,1000,759,ostrich,472,286,682,431
ostrich-162.jpg,1000,759,ostrich,492,311,560,372
ostrich-208.jpg,1000,759,ostrich,438,228,535,441
zebra-154.jpg,1000,759,zebra,344,372,777,597
ostrich-109.jpg,1000,759,ostrich,391,428,491,515
ostrich-231.jpg,1000,759,ostrich,460,232,680,401
zebra-017.jpg,903,1200,zebra,331,364,368,432
zebra-017.jpg,903,1200,zebra,413,360,450,428
zebra-017.jpg,903,1200,zebra,382,478,419,546
zebra-017.jpg,903,1200,zebra,315,529,352,597
zebra-017.jpg,903,1200,zebra,283,492,320,560
zebra-017.jpg,903,1200,zebra,371,595,408,663
zebra-017.jpg,903,1200,zebra,429,618,466,686
zebra-017.jpg,903,1200,zebra,542,634,579,702
zebra-247.jpg,1000,759,zebra,277,397,653,643
ostrich-119.jpg,1000,759,ostrich,453,370,555,457
ostrich-001.jpg,1000,759,ostrich,217,89,265,144
ostrich-001.jpg,1000,759,ostrich,439,203,491,260
ostrich-001.jpg,1000,759,ostrich,576,103,630,155
ostrich-001.jpg,1000,759,ostrich,529,472,579,525
ostrich-001.jpg,1000,759,ostrich,563,629,599,695
ostrich-001.jpg,1000,759,ostrich,225,595,294,648
ostrich-001.jpg,1000,759,ostrich,116,426,187,481
springbok-074.jpg,1000,759,springbok,426,239,601,500
zebra-036.jpg,1000,759,zebra,129,188,228,283
zebra-036.jpg,1000,759,zebra,259,5,313,70
zebra-036.jpg,1000,759,zebra,536,7,612,145
zebra-036.jpg,1000,759,zebra,406,339,555,400
zebra-036.jpg,1000,759,zebra,598,565,685,758
zebra-036.jpg,1000,759,zebra,812,412,933,475
ostrich-161.jpg,1000,759,ostrich,490,302,551,364
ostrich-234.jpg,1000,759,ostrich,476,291,674,446
ostrich-100.jpg,1000,759,ostrich,404,428,442,495
springbok-131.jpg,1000,759,springbok,533,252,664,481
ostrich-213.jpg,1000,759,ostrich,416,247,556,443
zebra-087.jpg,1000,759,zebra,304,61,663,672
ostrich-141.jpg,1000,759,ostrich,427,395,550,499
zebra-227.jpg,1000,759,zebra,517,319,745,461
springbok-119.jpg,1000,759,springbok,500,297,637,409
ostrich-149.jpg,1000,759,ostrich,463,385,560,521
ostrich-211.jpg,1000,759,ostrich,413,233,546,444
zebra-129.jpg,1000,759,zebra,450,156,620,505
springbok-017.jpg,1000,759,springbok,898,173,1000,240
springbok-017.jpg,1000,759,springbok,717,117,770,168
springbok-017.jpg,1000,759,springbok,517,51,568,103
springbok-017.jpg,1000,759,springbok,478,194,534,238
springbok-017.jpg,1000,759,springbok,353,309,438,375
springbok-017.jpg,1000,759,springbok,161,334,257,414
springbok-017.jpg,1000,759,springbok,131,526,255,612
springbok-017.jpg,1000,759,springbok,533,475,590,584
springbok-017.jpg,1000,759,springbok,872,384,925,458
zebra-176.jpg,1000,759,zebra,334,1,671,651
springbok-103.jpg,1000,759,springbok,443,375,642,532
ostrich-250.jpg,1000,759,ostrich,453,234,551,435
springbok-081.jpg,1000,759,springbok,456,223,577,522
springbok-140.jpg,1000,759,springbok,507,288,665,484
springbok-149.jpg,1000,759,springbok,465,234,640,436
ostrich-079.jpg,1000,759,ostrich,385,294,434,346
springbok-200.jpg,1000,759,springbok,376,186,557,375
ostrich-046.jpg,1000,759,ostrich,537,408,581,481
springbok-009.jpg,1000,759,springbok,207,161,278,219
springbok-009.jpg,1000,759,springbok,330,1,368,36
springbok-009.jpg,1000,759,springbok,481,23,513,83
springbok-009.jpg,1000,759,springbok,439,136,483,209
springbok-009.jpg,1000,759,springbok,153,442,213,479
springbok-009.jpg,1000,759,springbok,538,305,578,344
springbok-009.jpg,1000,759,springbok,707,426,740,482
springbok-009.jpg,1000,759,springbok,533,544,557,592
springbok-009.jpg,1000,759,springbok,301,640,396,717
springbok-041.jpg,1000,759,springbok,831,321,865,399
springbok-041.jpg,1000,759,springbok,551,268,598,323
springbok-041.jpg,1000,759,springbok,642,544,685,616
springbok-041.jpg,1000,759,springbok,92,569,170,632
springbok-041.jpg,1000,759,springbok,108,251,191,327
springbok-041.jpg,1000,759,springbok,196,25,257,127
springbok-041.jpg,1000,759,springbok,376,138,417,234
springbok-041.jpg,1000,759,springbok,391,36,427,108
zebra-055.jpg,1000,759,zebra,468,1,511,78
zebra-055.jpg,1000,759,zebra,212,127,301,208
zebra-055.jpg,1000,759,zebra,512,205,625,280
zebra-055.jpg,1000,759,zebra,337,461,452,604
zebra-055.jpg,1000,759,zebra,723,634,791,723
zebra-055.jpg,1000,759,zebra,801,334,913,439
zebra-080.jpg,1000,759,zebra,242,99,725,581
springbok-093.jpg,1000,759,springbok,507,226,643,384
springbok-134.jpg,1000,759,springbok,487,300,679,478
zebra-168.jpg,1000,759,zebra,490,59,666,634
ostrich-201.jpg,1000,759,ostrich,518,318,599,468
zebra-226.jpg,1000,759,zebra,509,312,745,477
springbok-071.jpg,1000,759,springbok,433,236,599,490
springbok-006.jpg,1000,759,springbok,539,238,594,301
springbok-006.jpg,1000,759,springbok,652,174,705,231
springbok-006.jpg,1000,759,springbok,565,47,622,135
springbok-006.jpg,1000,759,springbok,364,158,413,218
springbok-006.jpg,1000,759,springbok,160,332,203,382
springbok-006.jpg,1000,759,springbok,92,571,203,627
springbok-006.jpg,1000,759,springbok,351,609,395,651
springbok-006.jpg,1000,759,springbok,522,429,585,464
springbok-006.jpg,1000,759,springbok,586,625,637,674
ostrich-237.jpg,1000,759,ostrich,463,303,655,441
zebra-153.jpg,1000,759,zebra,350,385,764,589
springbok-124.jpg,1000,759,springbok,443,196,646,388
ostrich-246.jpg,1000,759,ostrich,472,247,590,431
springbok-018.jpg,1000,759,springbok,505,166,556,219
springbok-018.jpg,1000,759,springbok,526,35,573,79
springbok-018.jpg,1000,759,springbok,730,87,778,136
springbok-018.jpg,1000,759,springbok,914,132,1000,199
springbok-018.jpg,1000,759,springbok,912,335,974,405
springbok-018.jpg,1000,759,springbok,394,288,479,352
springbok-018.jpg,1000,759,springbok,207,325,303,404
springbok-018.jpg,1000,759,springbok,203,507,321,594
springbok-018.jpg,1000,759,springbok,600,435,659,549
zebra-001.jpg,1000,667,zebra,417,223,461,340
zebra-001.jpg,1000,667,zebra,507,513,572,642
zebra-001.jpg,1000,667,zebra,685,412,796,481
zebra-001.jpg,1000,667,zebra,567,207,672,294
zebra-001.jpg,1000,667,zebra,645,70,742,166
zebra-001.jpg,1000,667,zebra,445,40,525,118
zebra-001.jpg,1000,667,zebra,279,139,390,207
zebra-001.jpg,1000,667,zebra,931,185,1000,275
ostrich-265.jpg,1000,759,ostrich,370,329,537,444
zebra-224.jpg,1000,759,zebra,490,296,710,540
ostrich-209.jpg,1000,759,ostrich,412,228,530,438
springbok-028.jpg,1000,759,springbok,633,405,687,491
springbok-028.jpg,1000,759,springbok,868,196,927,256
springbok-028.jpg,1000,759,springbok,434,86,496,125
springbok-028.jpg,1000,759,springbok,398,278,469,338
springbok-028.jpg,1000,759,springbok,250,374,317,448
springbok-028.jpg,1000,759,springbok,333,556,412,665
ostrich-190.jpg,1000,759,ostrich,360,351,463,443
springbok-022.jpg,1000,759,springbok,409,327,483,387
springbok-022.jpg,1000,759,springbok,611,451,652,530
springbok-022.jpg,1000,759,springbok,834,297,887,357
springbok-022.jpg,1000,759,springbok,814,87,911,140
springbok-022.jpg,1000,759,springbok,651,60,694,105
springbok-022.jpg,1000,759,springbok,453,32,508,64
springbok-022.jpg,1000,759,springbok,470,186,520,222
springbok-022.jpg,1000,759,springbok,274,395,343,460
springbok-022.jpg,1000,759,springbok,316,556,399,635
springbok-143.jpg,1000,759,springbok,529,255,637,470
zebra-030.jpg,1000,759,zebra,391,239,498,326
zebra-030.jpg,1000,759,zebra,317,1,356,88
zebra-030.jpg,1000,759,zebra,664,62,788,154
zebra-030.jpg,1000,759,zebra,620,494,702,575
zebra-030.jpg,1000,759,zebra,309,480,382,624
zebra-030.jpg,1000,759,zebra,1,439,88,516
springbok-014.jpg,1000,759,springbok,207,349,305,417
springbok-014.jpg,1000,759,springbok,720,509,756,591
springbok-014.jpg,1000,759,springbok,817,291,931,369
springbok-014.jpg,1000,759,springbok,652,210,708,253
springbok-014.jpg,1000,759,springbok,477,118,533,160
springbok-014.jpg,1000,759,springbok,392,247,448,297
springbok-014.jpg,1000,759,springbok,26,345,121,417
springbok-014.jpg,1000,759,springbok,1,535,56,601
springbok-014.jpg,1000,759,springbok,320,542,383,652
ostrich-115.jpg,1000,759,ostrich,389,393,508,525
springbok-186.jpg,1000,759,springbok,379,357,513,484
zebra-174.jpg,1000,759,zebra,393,1,648,654
springbok-060.jpg,1000,759,springbok,309,171,696,579
zebra-086.jpg,1000,759,zebra,337,45,626,683
springbok-031.jpg,1000,759,springbok,372,56,486,143
springbok-031.jpg,1000,759,springbok,756,249,833,381
springbok-031.jpg,1000,759,springbok,130,200,248,313
springbok-031.jpg,1000,759,springbok,272,484,389,661
zebra-123.jpg,1000,759,zebra,471,226,567,539
zebra-215.jpg,1000,759,zebra,380,116,647,508
zebra-038.jpg,1000,759,zebra,150,219,264,337
zebra-038.jpg,1000,759,zebra,274,19,333,88
zebra-038.jpg,1000,759,zebra,586,1,666,156
zebra-038.jpg,1000,759,zebra,488,367,634,451
zebra-038.jpg,1000,759,zebra,742,616,829,759
zebra-038.jpg,1000,759,zebra,939,427,1000,489
ostrich-029.jpg,1000,759,ostrich,389,441,472,506
ostrich-152.jpg,1000,759,ostrich,512,393,604,518
springbok-068.jpg,1000,759,springbok,422,234,609,500
springbok-042.jpg,1000,759,springbok,587,79,621,152
springbok-042.jpg,1000,759,springbok,518,156,565,247
springbok-042.jpg,1000,759,springbok,613,326,670,379
springbok-042.jpg,1000,759,springbok,852,462,886,545
springbok-042.jpg,1000,759,springbok,565,578,595,642
springbok-042.jpg,1000,759,springbok,166,657,327,759
springbok-042.jpg,1000,759,springbok,86,410,153,466
springbok-042.jpg,1000,759,springbok,256,173,313,239
springbok-042.jpg,1000,759,springbok,433,13,464,110
zebra-195.jpg,1000,759,zebra,302,186,618,458
ostrich-205.jpg,1000,759,ostrich,481,256,574,441
zebra-082.jpg,1000,759,zebra,293,54,667,639
ostrich-012.jpg,1000,759,ostrich,246,239,299,286
ostrich-012.jpg,1000,759,ostrich,324,139,355,194
ostrich-012.jpg,1000,759,ostrich,451,104,504,157
ostrich-012.jpg,1000,759,ostrich,490,246,533,296
ostrich-012.jpg,1000,759,ostrich,504,396,556,442
ostrich-012.jpg,1000,759,ostrich,682,438,724,511
ostrich-012.jpg,1000,759,ostrich,722,95,766,148
ostrich-012.jpg,1000,759,ostrich,120,486,169,541
ostrich-173.jpg,1000,759,ostrich,578,238,625,298
zebra-203.jpg,1000,759,zebra,359,173,599,483
springbok-052.jpg,1000,759,springbok,330,179,663,582
springbok-191.jpg,1000,759,springbok,326,274,495,418
springbok-152.jpg,1000,759,springbok,434,238,635,442
springbok-221.jpg,1000,759,springbok,552,369,669,539
ostrich-153.jpg,1000,759,ostrich,531,395,613,518
ostrich-271.jpg,1000,759,ostrich,417,306,518,494
zebra-026.jpg,1000,759,zebra,98,88,171,164
zebra-026.jpg,1000,759,zebra,85,386,225,443
zebra-026.jpg,1000,759,zebra,463,313,510,443
zebra-026.jpg,1000,759,zebra,775,526,915,643
zebra-026.jpg,1000,759,zebra,279,656,333,759
zebra-026.jpg,1000,759,zebra,671,113,775,199
zebra-026.jpg,1000,759,zebra,972,285,1000,343
springbok-121.jpg,1000,759,springbok,403,195,629,388
ostrich-042.jpg,1000,759,ostrich,495,403,559,500
ostrich-095.jpg,1000,759,ostrich,399,415,439,469
zebra-143.jpg,1000,759,zebra,334,318,498,608
zebra-014.jpg,1200,800,zebra,32,94,200,210
zebra-014.jpg,1200,800,zebra,48,283,269,442
zebra-014.jpg,1200,800,zebra,280,492,402,787
zebra-014.jpg,1200,800,zebra,509,171,603,367
zebra-014.jpg,1200,800,zebra,592,67,746,190
zebra-014.jpg,1200,800,zebra,821,246,952,413
zebra-014.jpg,1200,800,zebra,927,54,1048,181
zebra-014.jpg,1200,800,zebra,836,448,1092,704
springbok-183.jpg,1000,759,springbok,492,349,633,448
springbok-252.jpg,1000,759,springbok,427,429,496,544
zebra-145.jpg,1000,759,zebra,321,343,499,629
springbok-108.jpg,1000,759,springbok,476,408,625,519
ostrich-139.jpg,1000,759,ostrich,431,398,544,500
ostrich-154.jpg,1000,759,ostrich,537,398,621,517
springbok-083.jpg,1000,759,springbok,433,219,591,525
ostrich-243.jpg,1000,759,ostrich,447,269,616,406
ostrich-052.jpg,1000,759,ostrich,590,347,668,396
ostrich-035.jpg,1000,759,ostrich,409,396,511,506
springbok-035.jpg,1000,759,springbok,276,291,356,336
springbok-035.jpg,1000,759,springbok,548,30,605,92
springbok-035.jpg,1000,759,springbok,812,60,965,138
springbok-035.jpg,1000,759,springbok,863,448,934,525
springbok-035.jpg,1000,759,springbok,207,569,316,645
springbok-035.jpg,1000,759,springbok,13,708,100,759
springbok-035.jpg,1000,759,springbok,233,1,301,52
zebra-185.jpg,1000,759,zebra,261,77,683,534
springbok-211.jpg,1000,759,springbok,368,230,496,388
zebra-214.jpg,1000,759,zebra,399,129,637,492
zebra-170.jpg,1000,759,zebra,485,1,628,643
zebra-092.jpg,1000,759,zebra,325,107,715,623
springbok-090.jpg,1000,759,springbok,540,275,616,448
ostrich-091.jpg,1000,759,ostrich,379,400,426,452
springbok-206.jpg,1000,759,springbok,381,203,514,374
zebra-116.jpg,1000,759,zebra,361,310,545,515
zebra-218.jpg,1000,759,zebra,355,121,644,548
springbok-260.jpg,1000,759,springbok,303,299,430,432
zebra-063.jpg,1000,759,zebra,437,175,491,300
zebra-063.jpg,1000,759,zebra,615,7,710,89
zebra-063.jpg,1000,759,zebra,894,151,940,208
zebra-063.jpg,1000,759,zebra,737,354,874,465
zebra-063.jpg,1000,759,zebra,72,240,212,310
zebra-063.jpg,1000,759,zebra,275,483,323,586
ostrich-094.jpg,1000,759,ostrich,398,413,444,465
springbok-201.jpg,1000,759,springbok,379,188,548,370
ostrich-124.jpg,1000,759,ostrich,476,357,527,434
zebra-205.jpg,1000,759,zebra,442,140,575,491
springbok-101.jpg,1000,759,springbok,464,370,657,525
ostrich-020.jpg,1000,759,ostrich,338,234,427,317
ostrich-020.jpg,1000,759,ostrich,483,100,539,193
ostrich-020.jpg,1000,759,ostrich,695,87,770,172
ostrich-020.jpg,1000,759,ostrich,757,317,842,393
ostrich-020.jpg,1000,759,ostrich,24,642,101,739
ostrich-020.jpg,1000,759,ostrich,801,574,908,667
springbok-123.jpg,1000,759,springbok,431,205,640,387
zebra-020.jpg,1000,759,zebra,437,258,501,410
zebra-020.jpg,1000,759,zebra,2,318,139,426
zebra-020.jpg,1000,759,zebra,34,105,104,175
zebra-020.jpg,1000,759,zebra,661,94,763,199
zebra-020.jpg,1000,759,zebra,837,423,1000,569
zebra-020.jpg,1000,759,zebra,183,599,271,731
springbok-176.jpg,1000,759,springbok,457,326,635,466
springbok-148.jpg,1000,759,springbok,481,231,646,439
springbok-128.jpg,1000,759,springbok,530,216,646,448
ostrich-262.jpg,1000,759,ostrich,353,322,544,429
springbok-054.jpg,1000,759,springbok,324,177,652,586
ostrich-170.jpg,1000,759,ostrich,565,280,622,335
ostrich-099.jpg,1000,759,ostrich,401,422,442,490
springbok-086.jpg,1000,759,springbok,418,334,603,468
zebra-156.jpg,1000,759,zebra,344,339,790,612
ostrich-165.jpg,1000,759,ostrich,520,322,583,372
ostrich-009.jpg,1000,759,ostrich,92,278,135,321
ostrich-009.jpg,1000,759,ostrich,269,218,317,264
ostrich-009.jpg,1000,759,ostrich,90,42,133,87
ostrich-009.jpg,1000,759,ostrich,491,55,537,95
ostrich-009.jpg,1000,759,ostrich,438,174,476,228
ostrich-009.jpg,1000,759,ostrich,569,473,601,528
ostrich-009.jpg,1000,759,ostrich,826,318,856,373
ostrich-009.jpg,1000,759,ostrich,657,680,690,734
ostrich-009.jpg,1000,759,ostrich,273,433,311,487
ostrich-009.jpg,1000,759,ostrich,137,411,192,442
zebra-222.jpg,1000,759,zebra,486,270,626,602
springbok-097.jpg,1000,759,springbok,573,248,652,423
zebra-016.jpg,899,1200,zebra,194,222,231,296
zebra-016.jpg,899,1200,zebra,421,337,458,411
zebra-016.jpg,899,1200,zebra,229,488,266,562
zebra-016.jpg,899,1200,zebra,653,238,690,312
zebra-016.jpg,899,1200,zebra,623,779,660,853
zebra-016.jpg,899,1200,zebra,697,723,734,797
zebra-016.jpg,899,1200,zebra,685,831,722,905
zebra-016.jpg,899,1200,zebra,743,860,780,934
zebra-016.jpg,899,1200,zebra,857,878,894,952
ostrich-196.jpg,1000,759,ostrich,491,381,575,509
zebra-109.jpg,1000,759,zebra,336,250,582,534
ostrich-061.jpg,1000,759,ostrich,503,241,537,302
ostrich-105.jpg,1000,759,ostrich,401,443,470,528
zebra-202.jpg,1000,759,zebra,323,194,612,469
ostrich-145.jpg,1000,759,ostrich,439,391,561,499
springbok-227.jpg,1000,759,springbok,408,401,561,500
springbok-004.jpg,1000,759,springbok,366,266,417,330
springbok-004.jpg,1000,759,springbok,598,143,660,236
springbok-004.jpg,1000,759,springbok,694,290,756,361
springbok-004.jpg,1000,759,springbok,555,368,630,442
springbok-004.jpg,1000,759,springbok,117,453,160,513
springbok-004.jpg,1000,759,springbok,535,597,596,629
zebra-136.jpg,1000,759,zebra,455,185,575,508
springbok-016.jpg,1000,759,springbok,303,326,398,394
springbok-016.jpg,1000,759,springbok,118,345,212,421
springbok-016.jpg,1000,759,springbok,63,536,191,618
springbok-016.jpg,1000,759,springbok,474,501,525,613
springbok-016.jpg,1000,759,springbok,825,425,879,508
springbok-016.jpg,1000,759,springbok,877,216,1000,287
springbok-016.jpg,1000,759,springbok,701,149,751,199
springbok-016.jpg,1000,759,springbok,446,219,503,261
springbok-016.jpg,1000,759,springbok,505,81,557,121
ostrich-017.jpg,1000,759,ostrich,390,120,422,213
ostrich-017.jpg,1000,759,ostrich,579,90,643,170
ostrich-017.jpg,1000,759,ostrich,643,257,716,343
ostrich-017.jpg,1000,759,ostrich,698,463,789,543
ostrich-017.jpg,1000,759,ostrich,966,118,1000,178
ostrich-017.jpg,1000,759,ostrich,265,234,339,320
ostrich-017.jpg,1000,759,ostrich,5,594,83,683
springbok-111.jpg,1000,759,springbok,512,400,626,510
zebra-241.jpg,1000,759,zebra,512,151,731,759
ostrich-047.jpg,1000,759,ostrich,546,407,586,482
ostrich-018.jpg,1000,759,ostrich,276,213,357,317
ostrich-018.jpg,1000,759,ostrich,400,96,443,194
ostrich-018.jpg,1000,759,ostrich,599,57,677,146
ostrich-018.jpg,1000,759,ostrich,701,233,792,320
ostrich-018.jpg,1000,759,ostrich,808,450,929,555
ostrich-018.jpg,1000,759,ostrich,1,659,103,757
springbok-116.jpg,1000,759,springbok,534,303,651,413
ostrich-270.jpg,1000,759,ostrich,411,307,531,494
ostrich-030.jpg,1000,759,ostrich,395,431,469,504
ostrich-189.jpg,1000,759,ostrich,342,341,457,429
springbok-157.jpg,1000,759,springbok,501,245,612,452
springbok-063.jpg,1000,759,springbok,365,216,653,535
ostrich-217.jpg,1000,759,ostrich,427,269,595,438
ostrich-247.jpg,1000,759,ostrich,479,248,577,442
ostrich-084.jpg,1000,759,ostrich,356,337,416,381
zebra-075.jpg,1000,759,zebra,193,180,780,504
springbok-057.jpg,1000,759,springbok,296,209,735,557
zebra-047.jpg,1000,759,zebra,650,216,706,337
zebra-047.jpg,1000,759,zebra,801,31,848,145
zebra-047.jpg,1000,759,zebra,206,29,345,192
zebra-047.jpg,1000,759,zebra,253,442,421,545
zebra-047.jpg,1000,759,zebra,1,277,25,364
zebra-251.jpg,1000,759,zebra,202,319,596,565
zebra-008.jpg,1200,800,zebra,496,379,567,521
zebra-008.jpg,1200,800,zebra,725,435,807,548
zebra-008.jpg,1200,800,zebra,769,112,863,206
zebra-008.jpg,1200,800,zebra,517,167,634,244
zebra-008.jpg,1200,800,zebra,73,273,213,354
zebra-008.jpg,1200,800,zebra,209,577,377,652
zebra-008.jpg,1200,800,zebra,755,694,907,800
ostrich-006.jpg,1000,759,ostrich,209,506,266,547
ostrich-006.jpg,1000,759,ostrich,350,430,395,476
ostrich-006.jpg,1000,759,ostrich,590,248,620,311
ostrich-006.jpg,1000,759,ostrich,776,317,814,373
ostrich-006.jpg,1000,759,ostrich,633,33,669,86
ostrich-006.jpg,1000,759,ostrich,279,148,316,206
ostrich-006.jpg,1000,759,ostrich,226,42,261,85
ostrich-006.jpg,1000,759,ostrich,52,456,90,503
ostrich-006.jpg,1000,759,ostrich,179,274,212,338
zebra-152.jpg,1000,759,zebra,358,408,752,573
ostrich-168.jpg,1000,759,ostrich,555,304,609,357
springbok-246.jpg,1000,759,springbok,468,423,544,518
springbok-044.jpg,1000,759,springbok,244,1,311,48
springbok-044.jpg,1000,759,springbok,366,171,421,236
springbok-044.jpg,1000,759,springbok,564,64,612,156
springbok-044.jpg,1000,759,springbok,701,134,744,209
springbok-044.jpg,1000,759,springbok,599,184,656,278
springbok-044.jpg,1000,759,springbok,655,349,716,407
springbok-044.jpg,1000,759,springbok,837,509,894,594
springbok-044.jpg,1000,759,springbok,504,561,557,626
springbok-044.jpg,1000,759,springbok,98,557,266,656
springbok-044.jpg,1000,759,springbok,143,338,201,397
ostrich-150.jpg,1000,759,ostrich,481,386,576,524
zebra-184.jpg,1000,759,zebra,229,50,696,551
zebra-236.jpg,1000,759,zebra,171,386,687,759
springbok-002.jpg,1000,759,springbok,333,1,409,51
springbok-002.jpg,1000,759,springbok,347,382,395,455
springbok-002.jpg,1000,759,springbok,625,248,694,358
springbok-002.jpg,1000,759,springbok,734,426,803,503
springbok-002.jpg,1000,759,springbok,563,521,647,601
springbok-002.jpg,1000,759,springbok,29,608,74,666
zebra-023.jpg,1000,759,zebra,453,285,502,429
zebra-023.jpg,1000,759,zebra,667,99,771,188
zebra-023.jpg,1000,759,zebra,806,480,966,624
zebra-023.jpg,1000,759,zebra,237,642,309,759
zebra-023.jpg,1000,759,zebra,39,359,186,439
zebra-023.jpg,1000,759,zebra,69,85,140,169
springbok-243.jpg,1000,759,springbok,456,391,511,495
springbok-102.jpg,1000,759,springbok,439,364,647,536
springbok-084.jpg,1000,759,springbok,426,216,599,519
springbok-141.jpg,1000,759,springbok,517,275,656,481
zebra-003.jpg,1200,800,zebra,371,179,484,238
zebra-003.jpg,1200,800,zebra,563,15,653,106
zebra-003.jpg,1200,800,zebra,525,296,567,437
zebra-003.jpg,1200,800,zebra,702,294,794,385
zebra-003.jpg,1200,800,zebra,794,104,886,200
zebra-003.jpg,1200,800,zebra,1086,262,1169,352
zebra-003.jpg,1200,800,zebra,780,560,919,615
zebra-003.jpg,1200,800,zebra,613,675,677,800
ostrich-110.jpg,1000,759,ostrich,394,429,500,515
springbok-076.jpg,1000,759,springbok,420,240,604,505
ostrich-160.jpg,1000,759,ostrich,601,404,681,511
zebra-137.jpg,1000,759,zebra,434,207,567,523
zebra-090.jpg,1000,759,zebra,306,97,709,637
ostrich-071.jpg,1000,759,ostrich,433,283,465,320
ostrich-019.jpg,1000,759,ostrich,287,183,382,309
ostrich-019.jpg,1000,759,ostrich,412,54,461,174
ostrich-019.jpg,1000,759,ostrich,640,8,722,120
ostrich-019.jpg,1000,759,ostrich,786,187,895,295
zebra-173.jpg,1000,759,zebra,412,2,650,662
ostrich-075.jpg,1000,759,ostrich,411,283,447,335
zebra-108.jpg,1000,759,zebra,333,237,591,543
zebra-201.jpg,1000,759,zebra,290,208,615,467
zebra-076.jpg,1000,759,zebra,205,176,772,523
springbok-242.jpg,1000,759,springbok,451,381,499,484
ostrich-225.jpg,1000,759,ostrich,350,113,511,394
ostrich-080.jpg,1000,759,ostrich,379,304,433,355
ostrich-240.jpg,1000,759,ostrich,446,295,640,396
zebra-024.jpg,1000,759,zebra,456,294,504,434
zebra-024.jpg,1000,759,zebra,671,104,766,188
zebra-024.jpg,1000,759,zebra,794,499,945,639
zebra-024.jpg,1000,759,zebra,52,365,204,442
zebra-024.jpg,1000,759,zebra,77,75,152,161
zebra-024.jpg,1000,759,zebra,253,645,312,759
springbok-113.jpg,1000,759,springbok,565,362,630,496
ostrich-064.jpg,1000,759,ostrich,468,254,495,312
ostrich-085.jpg,1000,759,ostrich,352,347,413,389
combined1.jpg,2000,2000,zebra,674,859,785,1072
combined1.jpg,2000,2000,zebra,585,1454,859,1648
combined1.jpg,2000,2000,zebra,1232,1522,1430,1712
combined1.jpg,2000,2000,zebra,1269,1146,1440,1301
combined1.jpg,2000,2000,springbok,203,706,298,925
combined1.jpg,2000,2000,springbok,374,472,498,640
combined1.jpg,2000,2000,springbok,911,451,1051,638
combined1.jpg,2000,2000,springbok,1072,69,1188,190
combined1.jpg,2000,2000,springbok,1788,1188,1974,1388
combined1.jpg,2000,2000,ostrich,261,1119,427,1301
combined1.jpg,2000,2000,ostrich,1274,840,1440,1040
combined1.jpg,2000,2000,ostrich,1706,569,1872,748
combined1.jpg,2000,2000,ostrich,659,356,793,551
combined1.jpg,2000,2000,ostrich,748,559,895,759
combined1.jpg,2000,2000,ostrich,1172,248,1264,467
springbok-187.jpg,1000,759,springbok,364,351,507,473
ostrich-023.jpg,1000,759,ostrich,435,267,476,320
ostrich-023.jpg,1000,759,ostrich,578,285,638,325
ostrich-023.jpg,1000,759,ostrich,725,383,759,447
ostrich-023.jpg,1000,759,ostrich,538,500,564,554
ostrich-023.jpg,1000,759,ostrich,876,694,937,751
ostrich-023.jpg,1000,759,ostrich,342,594,379,656
ostrich-023.jpg,1000,759,ostrich,101,289,142,339
ostrich-023.jpg,1000,759,ostrich,1,129,12,187
springbok-070.jpg,1000,759,springbok,439,238,600,492
springbok-065.jpg,1000,759,springbok,398,238,635,525
springbok-210.jpg,1000,759,springbok,366,229,492,384
